<?xml version="1.0" encoding="UTF-8"?>
<project-private xmlns="http://www.netbeans.org/ns/project-private/1">
    <editor-bookmarks xmlns="http://www.netbeans.org/ns/editor-bookmarks/2" lastBookmarkId="0"/>
    <open-files xmlns="http://www.netbeans.org/ns/projectui-open-files/2">
        <group>
            <file>file:/D:/DATAKU/MATERI%20KULIAH/SEMESTER%20IV/pbo/work/assignments/01-17_12S18003_12S18006/languange-fundamental/src/languange/fundamental/Main.java</file>
            <file>file:/D:/DATAKU/MATERI%20KULIAH/SEMESTER%20IV/pbo/work/assignments/01-17_12S18003_12S18006/languange-fundamental/src/languange/fundamental/LanguangeFundamental.java</file>
        </group>
    </open-files>
</project-private>
